,Adrenergic,Adrn_Cortex,B_Cell,Endothelial,Fibroblast,Macrophage_TAM,NK_Cell,T_Cell,unknown
0,GRIK2,DPP10,CD74,PECAM1,COL1A1,CD74,CCR2,CD3E,NR4A3
1,SYN3,CREG2,CD79A,VIM,VIM,HLA-DRA,NCR1,CD247,CHGB
2,NCAM1,CYP11B2,MS4A1,CDH5,THBS1,MPEG1,TBX21,HLA-A,MAP1B
3,ALCAM,MYOM1,HLA-DRA,EPAS1,PDGFRB,C1QC,CALN1,HLA-B,L1CAM
4,CHGB,PROM1,CD22,HLA-A,EPAS1,SAT1,RORC,DOCK2,ALCAM
5,CNTN1,NRG3,PAX5,A2M,THY1,CD4,L1CAM,PTPRC,NCAM1
6,BMPR1B,CD68,BANK1,PDLIM1,VCAN,HLA-A,CHGB,IL7R,PCDH17
7,ALK,PKIB,INPP5D,COL15A1,ACTA2,CSF1R,CNTN1,LEF1,CNTN1
8,GATA3,LRRTM4,DOCK2,ETS2,FN1,CD14,IL7,THEMIS,KRT19
9,L1CAM,GULP1,CD19,HLA-B,CRISPLD2,INPP5D,MARCHF11,INPP5D,PHOX2B
10,NCAM2,SV2C,HLA-A,PALM2AKAP2,FNDC3B,A2M,RTN3,CD2,SYN3
11,PHOX2B,CALCB,CD40,ADAMTS9,EGR1,HLA-B,KCNQ5,NFATC2,ALK
12,CTNNA2,ALB,HLA-B,NES,PDLIM1,DOCK2,PTPRN2,CXCR4,PRPH
13,ENO2,CD33,CD83,MCAM,FKBP10,RBM47,BANK1,VIM,KIF21A
14,KIF21A,ADCYAP1,MPEG1,WWTR1,MMP14,VIM,ENOX1,HLA-C,PPP2R2B
15,IL7,IGHG1,CXCR4,EMP1,MCAM,ICAM1,NCAM1,RIPOR2,GAP43
16,TENM1,KCNH5,FCHSD2,CD74,PALM2AKAP2,NFATC2,CD244,CD74,EBF1
17,LINGO2,CD3G,RIPOR2,FOSL2,PAPSS2,IL6R,KIT,ARHGAP15,KCND2
18,PTPRN2,CRH,RHOH,FNDC3B,PLSCR1,ITGAX,GRIK2,RHOH,GATA3
19,PCDH17,FRMD4B,NFATC2,IL3RA,SERPINE1,SRGN,ELAVL4,CD3D,ENO2
20,KCND2,PDE10A,PTPRC,PVR,EGFR,MMP14,GRM8,CD8A,ADGRL3
21,PPP2R2B,CHRM2,COL19A1,TACC1,A2M,PECAM1,FCGR3A,SKAP1,NCAM2
22,KCNB2,ABCC2,PALM2AKAP2,PLSCR1,PDE3A,ITGAM,ENO2,CD4,GRIK2
23,RTN3,CALCA,VIM,MMP14,C3,CSF3R,ALCAM,ESYT2,IL7
24,MAP1B,POTEM,ARHGAP15,NDRG1,FOS,CD83,ARHGEF28,PECAM1,KCNB2
25,PRKCA,KCNIP4,HLA-C,THBS1,SNAI2,HLA-C,KCND2,LRBA,RTN3
26,ADGRL3,PCDH9,FCRL1,PDE4B,INHBA,KLF6,CACNB2,CD8B,ACLY
27,ZFHX3,SPOCK3,RCSD1,CD81,HLA-A,MRC1,CALCB,SRGN,ZFHX3
28,MMP16,COBL,ZHX2,PICALM,FOSL2,HLA-DRB1,KCNIP4,LDLRAD4,RTN1
29,KRT19,OLFM3,SNX29,TGFBR3,ZHX2,NLRP3,CD33,CD248,BMPR1B
30,GAP43,PPP2R2C,LRBA,RGS5,LAMA2,KIF16B,SYN3,MAP3K5,CTNNA2
31,MAGI2,CCSER1,IGHG1,ICAM1,FOSB,CD40,ALB,RCSD1,ELAVL4
32,PRPH,CLEC4C,SIPA1L1,HLA-C,RAB31,FNDC3B,ANKFN1,TACC1,LINGO2
33,ZNF804A,CYP2C9,PDE4B,FKBP10,ICAM1,CD81,DPP10,SIPA1L1,PRKCA
34,CTNND2,ARHGAP36,SRGN,CD40,ZFPM2,RAB31,LINGO1,BACH2,PTPRN2
35,RTN1,RALYL,PDLIM1,PCSK6,WWTR1,SAMD4A,SYN2,RORC,MAML3
36,LONRF2,SYN2,BACH2,INPP5D,CXCL12,PLSCR1,SORBS2,AKAP13,SEMA6D
37,ENOX1,FCGR3A,HLA-DRB1,SRGN,CD248,ELL2,LUZP2,PDCD1,CDH4
38,TUBA1A,CD244,MAP3K5,PDE8A,TGFBR3,PICALM,ADCYAP1,PDE4B,NLGN1
39,MAML3,PRR16,SAT1,KLF6,CD74,PTPRC,PROM1,CD69,CDK6
40,DSCAM,DIAPH3,HIF1A,MEIS2,TACC1,TACC1,CALCA,IL6R,ABTB2
41,SLC8A1,UNC5D,TACC1,MRC1,EMP1,ARHGAP15,IGHG1,CD96,MMP16
42,TERT,HLA-DRB5,PRKCB,RAB31,ADAMTS9,CD274,CD226,SOAT1,TPPP3
43,MYT1L,CYP2B6,CD4,CSGALNACT1,NDRG1,PAPSS2,LRRTM4,KLF6,HS3ST5
44,MARCHF11,LUZP2,ITGAM,NFIA,NFIA,ISG15,HLA-DRB1,PICALM,FGF14
45,ACLY,FCRL1,AKAP13,DGKH,HLA-B,MAP3K5,GULP1,TBX21,CNTNAP2
46,KCNQ5,RFX2,CD81,PAM,MEIS2,FOS,UNC5C,SLC2A3,TUBB2B
47,ELAVL4,SST,KIF16B,SAT1,ARHGAP10,SNX29,MYOM1,CD226,DPP10
48,CDH4,RYR2,TMEM163,ABCG2,COL15A1,CD163,TERT,SYNE2,NTRK2
49,NXPH1,SLC35F3,ICAM1,SIPA1L1,FAP,SOAT1,ZBTB16,SMC4,NEGR1
50,EBF1,HPGD,CD3E,COL1A1,ETS2,PLXDC2,CD3G,KIF16B,KCNQ5
51,ADGRB3,BANK1,SIK3,CD36,LINGO1,CXCL12,SYT1,CD3G,GRM8
52,HS3ST5,CD36,PICALM,PTPRM,PICALM,EPAS1,PCDH7,CD79A,KCNH5
53,CTIF,PRSS12,PLSCR1,FCHSD2,CD81,RCSD1,OLFM3,SIK3,FGF13
54,FAM155A,PRKN,SKAP1,THY1,RARB,PALM2AKAP2,MAML3,HIF1A,NTRK1
55,NTRK1,SEMA3A,IL6R,SNAI2,CD40,ARHGAP10,NCR3,FOSL2,TUBB
56,GRM8,IMMP2L,PDCD1,FOS,GPC6,ETS2,MAP1B,FCHSD2,PDE10A
57,STMN1,SHANK2,ITGAX,SERPINE1,SLC2A3,FCHSD2,CD68,PLSCR1,FAM155A
58,KCNMA1,NLGN1,ISG15,PAPSS2,LMNA,PVR,ARHGAP36,ZHX2,H3-3B
59,DCX,LYVE1,TBX21,NFATC2,PAM,CXCR4,PRKN,CCR2,B4GAT1
60,B4GAT1,CACNB2,PECAM1,LMNA,KIF16B,FCGR3A,TSHZ2,DPYD,MAP1A
61,H3-3B,CD226,SAMD4A,LYVE1,APOD,PDE4B,POTEM,RACK1,CD24
62,TMEM178B,COL19A1,RACK1,KIF16B,NES,MSR1,ABTB2,TCF12,SEMA3E
63,AGAP1,NAMPT,ELL2,HIF1A,NCR3,LDLRAD4,SV2C,PRKCB,TENM1
64,ARHGEF28,MSR1,EPAS1,ISG15,PVR,AKAP13,RALYL,SAT1,BRINP3
65,GPC2,CREB5,AFF3,KIT,SAT1,IL2RA,ALK,FHIT,STMN1
66,FOXK2,APOD,RBM47,TMEM163,PTGS2,CD33,PPP2R2C,SLC35F3,PCSK1N
67,SNRPN,BRIP1,CD69,ZFPM2,MAP3K5,HLA-DRB5,NRG1,HLA-DRA,RGS7
68,PSD3,UNC5C,C1QC,LRMDA,PLXDC2,COL1A1,BRINP3,ICAM1,KLHL29
69,CPEB4,AFF3,RAB31,FOSB,NTRK2,CD22,FOXK2,DGKH,KCNIP4
70,MAP7,KIT,CD2,SLC2A3,PCSK6,CCR2,PRSS12,IL2RA,ANKH
71,GPHN,LINGO1,IL7R,STAT3,BANK1,SPP1,CRH,OSBPL3,CACNB2
72,FGF13,ANKFN1,SOAT1,RCSD1,SAMD4A,LRMDA,HMGCS1,FOXP3,TMEM178B
73,RGS7,PAX5,SLC2A3,AKAP13,KIT,FOSL2,KIF21A,ERN1,TTC28
74,NTRK3,FHIT,NCR3,SAMD4A,PDCD1,FOSB,UNC5D,ITGAM,MYOM1
75,TUBB2B,BNC2,C3,SPP1,SIPA1L1,PRKCB,CCSER1,NCR3,NEFL
76,TUBB,FOXP3,KLF6,ELL2,RGS5,CD3E,CYP11B2,ISG15,SEMA3D
77,RNF144A,AGBL4,LEF1,ZHX2,AKAP13,RORC,NTRK3,CENPF,TENM2
78,MBNL2,NTRK2,IL2RA,APOD,KLF6,TMEM163,COBL,CD244,MYCN
79,KCTD16,TMEM163,CD14,HLA-DRA,HLA-C,RHOH,CD274,MKI67,GULP1
80,SORBS1,ABCG2,PAPSS2,LINGO1,LDLRAD4,INHBA,HPGD,CD83,SQLE
81,TTC28,LRMDA,CD247,ACTA2,BNC2,IL7R,DPYD,NLRP3,CACNA2D3
82,ERC1,PCDH7,OSBPL3,RARB,STAT3,ACTA2,MAP7,CDK6,RUNX1T1
83,CLSTN2,ST6GALNAC3,IL3RA,FN1,IL3RA,NR4A3,TUBA1A,ETS2,NRG1
84,CDK6,EYS,CD3D,SOAT1,KLHL29,PDLIM1,OSBPL3,PALM2AKAP2,ADGRB3
85,ANKH,CD163,CSF1R,CD248,ISG15,IGHG1,PKIB,NCR1,IQCJ-SCHIP1
86,MSI2,CD96,STAT3,CXCL12,RFX2,DPYD,RUNX1T1,RFX2,MYT1L
87,CACNA2D3,ROR1,SYNE2,PDGFRB,SLC39A14,CD226,DCX,RBM47,AKAP12
88,ARFGEF3,HMGCS1,LDLRAD4,PTGS2,RBM47,RIPOR2,TENM1,PVR,CTNND2
89,RUNX1T1,GRAMD1B,HLA-DRB5,RBM47,ELL2,FRMD4B,CD69,ARHGAP10,MARCHF11
90,PCSK1N,CD19,MSR1,FAP,ESYT2,ZHX2,NRG3,CALN1,CDH8
91,SEMA3D,TENM2,RORC,ESYT2,ABCG2,LEF1,FAM155A,ATP1B3,NXPH1
92,MAP1A,TERT,CD8A,SLC39A14,PDE8A,WWTR1,CREG2,EPAS1,GPHN
93,RORA,PTGS2,CSF3R,TBC1D4,EXT1,NFIA,TBC1D4,ITGAX,CLSTN2
94,MYCN,ALK,NLRP3,CXCR4,RCSD1,CD2,HLA-DRB5,CALCB,ARFGEF3
95,GNA13,PTPRM,RFX2,CLEC4C,LYVE1,CD36,AGBL4,MPEG1,SOX5
96,EXOC4,BRINP3,CALCB,CALCB,PRR16,IL3RA,CD163,CD81,ZNF804A
97,CDH8,NCR3,FOXP3,DOCK4,RACK1,OSBPL3,CDH4,C1QC,PRKN
98,SYT1,NTRK3,FNDC3B,RFX2,ROR1,SIPA1L1,PHOX2B,PIK3R1,NRXN1
99,NEGR1,L1CAM,SMC4,CTBP2,CDH5,NCR1,SNRPN,KIT,SNRPN
100,ACSL1,CHGB,ESYT2,GULP1,C1QC,ABCC2,PTPRM,STAT3,ENOX1
101,IQCJ-SCHIP1,NCR1,NFIA,ITGAM,RYR2,CALCB,PCDH9,GRAMD1B,KCTD16
102,PCCA,IL7,PTGES2,LDLRAD4,SOAT1,KIT,PRKCA,TGFBR3,CD83
103,CD24,FMN1,CD274,IGHG1,FOXP3,C3,DIAPH3,SNX29,TUBB2A
104,NRG1,PCSK6,THEMIS,LEF1,PTPRM,HIF1A,GRAMD1B,ABCG2,HLA-DRB5
105,FNDC3A,PACRG,CXCL12,SYNE2,DGKH,CD68,TMEM163,PTGES2,ROR1
106,TUBB2A,CD274,CD24,CRISPLD2,CD4,TBX21,LRMDA,FCGR3A,GNA13
107,DOCK4,SORBS2,IMMP2L,PROM1,ERN1,SIK3,PRUNE2,NDRG1,RALYL
108,ABTB2,NRG1,MEIS2,ST6GALNAC3,PECAM1,CD8B,SEMA3E,CD274,FMN1
109,CD276,CD69,MMP14,ARHGAP10,PCDH9,PDCD1,PPP2R2B,FNDC3B,ACSL1
110,TOP2A,CD79A,CCR2,CD68,PARD3,CD247,MSR1,FCRL1,KCNQ3
111,NEFL,CD22,ABCC2,ATP1B3,PRSS12,FCRL1,ST6GALNAC3,ELL2,POTEM
112,TPPP3,MARCHF11,NR4A3,CREG2,NFATC2,RACK1,SOX5,ZNF331,ST6GALNAC3
113,SEMA6D,HLA-DRB1,ETS2,CYP2B6,UNC5C,SLC35F3,THEMIS,ABCC2,B3GAT1
114,B3GAT1,KCNQ3,CD33,CYP2C9,AKAP12,FOXP3,ROR1,CD163,PSD3
115,FMN1,GRM8,A2M,CRH,FCHSD2,SPOCK3,LINGO2,PDE8A,TUBA1A
116,SQLE,PTPRN2,CD163,CYP11B2,SEMA3A,LRBA,NLGN1,IMMP2L,ANKFN1
117,RBFOX1,TSHZ2,FOSL2,COBL,CD36,CD8A,ADGRB3,TMEM163,ARHGAP36
118,PRUNE2,MS4A1,LRMDA,CD163,DMD,PDE8A,MMP16,PDLIM1,B4GALNT1
119,ZBTB20,SPP1,CYP2B6,CALN1,LRMDA,CD79A,APOD,IL3RA,ERN1
120,SOX5,CENPF,WWTR1,IL6R,PKIB,ZNF331,NAMPT,NR4A3,CD244
121,B4GALNT1,OSBPL3,CDH5,CD4,NR4A3,LRRTM4,CLSTN2,FOSB,AGAP1
122,CNTNAP2,FAP,NCR1,SV2C,HLA-DRB5,SKAP1,CENPF,EXOC4,RGS5
123,SLC16A10,PARD3,APOD,TCF12,COBL,CD3D,B4GAT1,NAMPT,CYP2B6
124,PACRG,PDCD1,CD96,SEMA3A,CYP2C9,THEMIS,NXPH1,DIAPH3,NRG3
125,AUTS2,ZBTB16,CD3G,TBX21,CYP2B6,CD69,CD19,IGHG1,EXT1
126,SLC23A2,CALN1,PDE8A,NAMPT,NCR1,PAX5,MYT1L,LYVE1,NALCN
127,NRXN1,FGF14,LRRTM4,CREB5,IGHG1,ADCYAP1,RARB,CSF1R,OLFM3
128,ANKFN1,RARB,FRMD4B,RACK1,HLA-DRA,PTGS2,KCNQ3,MSI2,AGBL4
129,NALCN,CNTN1,COBL,FOXP3,CRH,COBL,SPOCK3,PAX5,NTRK3
130,CACNA2D1,RRM2,SPOCK3,FRMD4B,IMMP2L,CYP11B2,TPPP3,RRM2,CREG2
131,SEMA3E,FAM155A,GNA13,PRR16,LEF1,APOD,AGAP1,ADCYAP1,SV2C
132,MKI67,SLC16A10,ARHGAP10,CD19,TBC1D4,CD3G,SHANK2,FNDC3A,KCNMA1
133,SORBS2,NLRP3,ABCG2,PLXDC2,CALCB,PDE10A,AUTS2,COBL,GPC2
134,EXT1,PLXDC2,NDRG1,PDE3A,ARHGAP15,PTPRM,NEFL,CYP2C9,TERT
135,BABAM2,SLC39A14,INHBA,EGR1,CLEC4C,RFX2,SEMA3D,SLC39A14,ARHGEF28
136,AOPEP,CLSTN2,MKI67,FCRL1,LRRTM4,CD19,KCTD16,CYP11B2,PCDH9
137,ZFAND3,KCNQ5,CD8B,NR4A3,GULP1,PKIB,IMMP2L,ALB,CTIF
138,BRINP3,ARHGEF28,ADCYAP1,C1QC,HIF1A,LYVE1,ZFHX3,CD19,PPP2R2C
139,RRM2,NALCN,CYP2C9,SPOCK3,CTBP2,ERN1,PCDH17,CXCL12,FOXK2
140,FGF14,KCTD16,MRC1,FCGR3A,SPOCK3,LUZP2,GPC6,BABAM2,COL19A1
141,DMD,AKAP12,ROR1,ADCYAP1,MYOM1,NDRG1,STMN1,NFIA,CPEB4
142,PTGES2,ABTB2,FCGR3A,OSBPL3,ABCC2,CYP2C9,PACRG,MRC1,PAX5
143,KCNQ3,SEMA3E,ZNF331,ALB,ADCYAP1,CD96,RGS7,LRMDA,COBL
144,PCDH7,CNTNAP2,PTGS2,ABCC2,MRC1,CLEC4C,EXOC4,HLA-DRB1,MSI2
145,SHANK2,AUTS2,ZFAND3,IL2RA,FCGR3A,MS4A1,EYS,WWTR1,SLC2A3
146,KLHL29,ENOX1,CREG2,SIK3,LUZP2,CHRM2,KCNH5,CLEC4C,DCX
147,CSGALNACT1,KCND2,CALN1,LRRTM4,NAMPT,GRAMD1B,MAGI2,CRH,ERC1
148,GPC6,B4GALNT1,CD248,NCR1,CALN1,NCR3,FRMD4B,SPOCK3,CALN1
149,BACH2,B3GAT1,CD226,EGFR,RORC,ABCG2,AOPEP,CD22,ALB
150,CTBP2,GRIK2,CENPF,IMMP2L,TMEM163,GULP1,RIPOR2,PCSK6,CRH
151,ST6GALNAC3,ELAVL4,TCF12,HLA-DRB1,CREB5,PTGES2,NALCN,FRMD4B,LONRF2
152,TENM2,SOX5,SLC35F3,CD33,TSHZ2,FHIT,CD96,HPGD,PRKCB
153,CACNB2,MAP7,LYVE1,CD14,SRGN,TCF12,MAP1A,CSGALNACT1,FRMD4B
154,PIK3R1,NR4A3,EGFR,TTC28,NLRP3,ALB,KCNMA1,ACTA2,PRUNE2
155,ATP1B3,ELL2,KCNH5,CD274,TBX21,CALN1,SEMA3A,ZBTB16,LRBA
156,SYN2,TPPP3,KIT,MYOM1,SV2C,NAMPT,LDLRAD4,RNF144A,ZBTB16
157,NLGN1,TOP2A,BABAM2,CD69,SIK3,IMMP2L,PRR16,C3,CD274
158,AGBL4,DCX,CD68,CD22,CD96,SV2C,MS4A1,MS4A1,NAMPT
159,BRIP1,MEIS2,PLXDC2,INHBA,CD3G,STAT3,BNC2,RORA,DMD
160,TCF12,TBX21,ATP1B3,FHIT,CD14,CREG2,FCRL1,RAB31,SLC8A1
161,ZBTB16,ENO2,PCDH9,AKAP12,PDE10A,CRH,CYP2C9,PKIB,CALCB
162,EYS,THEMIS,TGFBR3,MAP3K5,CREG2,CYP2B6,FGF14,CD33,SEMA3A
163,TSHZ2,PRUNE2,PTPRM,KCNH5,CD33,KCNH5,ERC1,CDH5,FCRL1
164,UNC5D,NEFL,PVR,BNC2,FCRL1,SLC23A2,CREB5,CSF3R,CD226
165,HMGCS1,DSCAM,RALYL,SNX29,CD163,ESYT2,DSCAM,CD40,SYT1
166,RACK1,PRKCB,PKIB,DIAPH3,ALB,EMP1,SQLE,PTPRM,HPGD
167,AFF3,RBFOX1,DPYD,LUZP2,FRMD4B,CD244,FMN1,PCDH9,CD19
168,SMC4,FOXK2,PIK3R1,CCR2,CD69,BNC2,ARHGAP10,CYP2B6,SYN2
169,DPYD,SEMA3D,NAMPT,NCR3,CD19,EGR1,SPP1,APOD,PKIB
170,ZNF331,TBC1D4,LAMA2,PCDH9,PRKN,ROR1,CD8A,MYOM1,LUZP2
171,TBC1D4,CACNA2D1,SLC23A2,C3,CD8B,CDH5,CACNA2D1,LRRTM4,DIAPH3
172,SST,PAM,CD36,HLA-DRB5,CYP11B2,DOCK4,CLEC4C,CD14,BANK1
173,PPP2R2C,MYCN,CHRM2,MBNL2,DIAPH3,SNAI2,B3GAT1,LUZP2,SPOCK3
174,FN1,SYT1,ALB,NRG3,CD274,CALCA,PAX5,BRIP1,CCSER1
175,CENPF,NTRK1,EXOC4,ZFAND3,MSR1,OLFM3,ABCG2,KCNH5,PTGS2
176,CCSER1,ISG15,PDE10A,PCDH17,ZFAND3,PCSK6,FOXP3,MSR1,CSGALNACT1
177,STAT3,MYT1L,ERN1,PKIB,SYNE2,ACSL1,PRPH,PAM,MBNL2
178,AKAP12,RIPOR2,SLC39A14,HPGD,CCR2,TBC1D4,ADGRL3,SLC23A2,UNC5C
179,ARHGAP36,MAML3,PCSK6,RYR2,IL6R,CD248,MSI2,A2M,SORBS1
180,POTEM,HS3ST5,CSGALNACT1,CSF3R,POTEM,MEIS2,TGFBR3,GULP1,SHANK2
181,GRAMD1B,AOPEP,CYP11B2,PAX5,HPGD,NRG3,PSD3,TOP2A,LMNA
182,DGKH,CACNA2D3,HPGD,ROR1,TCF12,SLC2A3,NRXN1,CREG2,PRSS12
183,LRBA,CD8B,CLEC4C,DPP10,MS4A1,PRKN,PARD3,ROR1,SLC39A14
184,PARD3,KCNMA1,COL1A1,PARD3,KCNH5,SEMA3A,RYR2,GNA13,SYNE2
185,UNC5C,KIF21A,ACTA2,CD96,CSF3R,PIK3R1,BMPR1B,CD36,BACH2
186,PRKN,MRC1,ADAMTS9,ARHGAP15,CD244,ATP1B3,SRGN,PARD3,FN1
187,SPP1,SYN3,LUZP2,CD226,RIPOR2,CTBP2,NTRK1,PROM1,NCR3
188,HPGD,IL2RA,DIAPH3,VCAN,RHOH,CREB5,SST,PDE10A,SIK3
189,SYNE2,RHOH,PROM1,NLRP3,IL2RA,PROM1,IL7R,PAPSS2,PTGES2
190,CREB5,SKAP1,PRR16,PRKN,CD22,COL15A1,PCSK1N,PLXDC2,CYP11B2
191,SIK3,SQLE,PAM,PDCD1,PROM1,FKBP10,CD276,DPP10,CHRM2
192,ERN1,CSF3R,DPP10,PIK3R1,MPEG1,RYR2,CACNA2D3,SEMA3A,CD22
193,CALCA,CCR2,MYOM1,RORC,PDE4B,LMNA,TOP2A,NTRK2,TSHZ2
194,RALYL,NXPH1,FKBP10,PDE10A,CHRM2,MYOM1,HS3ST5,HLA-DRB5,SLC35F3
195,COL19A1,CDH4,CD244,RIPOR2,SNX29,DIAPH3,GNA13,SV2C,SORBS2
196,NRG3,ADGRB3,FOSB,MS4A1,CD68,PRR16,RFX2,ZFAND3,MAGI2
197,PRKCB,IQCJ-SCHIP1,COL15A1,SLC35F3,FHIT,RALYL,CD36,PTGS2,AOPEP
198,PRSS12,RGS7,ZFPM2,LRBA,PAX5,KCNIP4,LYVE1,OLFM3,CALCA
199,DIAPH3,ARHGAP10,CREB5,ZBTB16,OLFM3,AFF3,KCNB2,PRR16,NCR1
200,OLFM3,IL3RA,CALCA,NTRK2,KCNIP4,FAP,SLC16A10,INHBA,NLRP3
201,KCNIP4,CD3D,GULP1,MPEG1,CSF1R,ZFAND3,RGS5,AFF3,PDCD1
202,HIF1A,ZNF331,POTEM,AOPEP,CD2,PAM,BABAM2,KCNIP4,FOXP3
203,CHRM2,SORBS1,RYR2,SLC23A2,NRG3,ARHGAP36,ARFGEF3,RALYL,IMMP2L
204,NES,GPC6,NTRK2,LAMA2,CACNB2,AKAP12,ITGAX,CHRM2,PCCA
205,DPP10,TENM1,EYS,TSHZ2,CALCA,EYS,SLC39A14,FOS,DOCK4
206,SNX29,RGS5,AKAP12,OLFM3,RALYL,TGFBR3,AFF3,COL15A1,RBFOX1
207,KCNH5,CD276,ACSL1,RHOH,DPP10,EGFR,PAM,MEIS2,CD3G
208,NAMPT,SEMA6D,DMD,RALYL,SLC35F3,THBS1,MYCN,EMP1,TOP2A
209,CD244,NRXN1,RRM2,CSF1R,AOPEP,ADAMTS9,GATA3,CALCA,EGR1
210,LUZP2,PCSK1N,PPP2R2C,ARFGEF3,ITGAM,THY1,CD79A,MMP14,DSCAM
211,PROM1,CD8A,NRG3,KLHL29,IL7R,DPP10,ELL2,ERC1,CD68
212,OSBPL3,CDH8,SNAI2,EYS,CD8A,HPGD,CD24,LAMA2,ZFAND3
213,SEMA3A,LAMA2,ERC1,MSR1,CD226,CRISPLD2,SORBS1,RYR2,CD69
214,SLC39A14,ITGAM,FOS,SKAP1,SKAP1,CENPF,PRKCB,SLC16A10,MAP7
215,RGS5,SLC2A3,CRH,IL7R,HLA-DRB1,VCAN,CD247,SNAI2,SLC23A2
216,PDE10A,TUBB2A,FNDC3A,SMC4,INPP5D,COL19A1,EGFR,CD68,MS4A1
217,IMMP2L,LMNA,ARHGAP36,CENPF,CACNA2D1,ZFPM2,FAP,TUBB,EXOC4
218,MYOM1,AKAP13,FHIT,CD3G,CD3E,ZBTB16,PCCA,PRKN,RNF144A
219,ALB,ARFGEF3,BNC2,HMGCS1,COL19A1,PCDH9,LRBA,CCSER1,PROM1
220,CYP2B6,NEGR1,CCSER1,UNC5C,CD79A,CCSER1,ZNF331,BNC2,RFX2
221,SV2C,NFIA,RGS5,ARHGAP36,CD3D,SLC39A14,SKAP1,COL19A1,AFF3
222,RYR2,RTN3,KCNIP4,CD244,LRBA,SYT1,ZNF804A,FKBP10,ZNF331
223,ROR1,SMC4,MSI2,CD3E,ARHGAP36,PRSS12,CTNNA2,EGFR,PAM
224,CD68,SOAT1,SQLE,ZNF331,PCDH7,CSGALNACT1,PDCD1,FAP,OSBPL3
225,PCDH9,PPP2R2B,THY1,CD8A,HMGCS1,SERPINE1,IL2RA,SERPINE1,LAMA2
226,CYP11B2,AGAP1,FAP,CHRM2,DPYD,BANK1,CSGALNACT1,THBS1,RYR2
227,CREG2,LDLRAD4,THBS1,CD2,DOCK2,GNA13,SLC8A1,HMGCS1,PLXDC2
228,CLEC4C,ALCAM,ZBTB16,ERN1,CENPF,NTRK2,PLXDC2,ADAMTS9,PIK3R1
229,FHIT,FOSB,EMP1,BABAM2,OSBPL3,SST,NTRK2,COL1A1,ZBTB20
230,CRH,RUNX1T1,HMGCS1,CD8B,SST,CPEB4,SEMA6D,ARHGAP36,CREB5
231,GULP1,CSGALNACT1,TUBB,CALCA,THEMIS,SMC4,NLRP3,SNRPN,SIPA1L1
232,BNC2,PIK3R1,SERPINE1,ZBTB20,MBNL2,RGS5,ZBTB20,BANK1,CTBP2
233,SPOCK3,NCAM1,SNRPN,POTEM,ZBTB16,SYNE2,CHRM2,AGBL4,HLA-DRB1
234,CYP2C9,SNAI2,NRXN1,KCNIP4,ITGAX,PPP2R2C,CD22,PCCA,PRR16
235,FCHSD2,RORC,UNC5C,THEMIS,ZNF331,NRXN1,RORA,AKAP12,CACNA2D1
236,ADCYAP1,KLHL29,PRKN,CCSER1,GRAMD1B,LAMA2,ACLY,STMN1,CD3E
237,PRR16,SNRPN,MCAM,PRSS12,CD276,PARD3,COL19A1,PPP2R2C,TBC1D4
238,LRRTM4,RCSD1,SST,ERC1,PIK3R1,PDE3A,MBNL2,SAMD4A,RORA
239,PKIB,SYNE2,ZBTB20,CD276,TPPP3,ANKH,IQCJ-SCHIP1,SST,IL6R
240,LMNA,TGFBR3,EGR1,CD79A,SMC4,UNC5C,RRM2,NRG3,MKI67
241,COBL,PVR,SEMA3A,PTPRC,BACH2,BABAM2,INPP5D,PDE3A,HMGCS1
242,NTRK2,ZFPM2,ST6GALNAC3,ITGAX,TTC28,PDGFRB,ADAMTS9,NLGN1,GPC6
243,IL2RA,PHOX2B,TOP2A,CD247,ATP1B3,TUBB,CTBP2,SQLE,RACK1
244,BANK1,PRKCA,PARD3,PPP2R2C,PTPRC,LINGO1,CDK6,CREB5,STAT3
245,CALN1,LINGO2,LMNA,TENM2,PPP2R2C,NES,RBFOX1,CRISPLD2,PARD3
246,PDE8A,PDE3A,BRIP1,RNF144A,CD247,TSHZ2,NCAM2,POTEM,PCDH7
247,FRMD4B,MMP16,CTBP2,CD3D,SORBS2,FMN1,ERN1,PRSS12,PTPRM
248,RARB,CD248,PDGFRB,EXT1,EYS,FNDC3A,PDE10A,MAP1A,CLEC4C
249,ESYT2,MAGI2,MBNL2,SST,SPP1,MKI67,LEF1,SPP1,MRC1
250,SLC35F3,DPYD,CPEB4,EXOC4,CCSER1,EXT1,TUBB2A,VCAN,CENPF
251,MS4A1,EMP1,LINGO1,TUBB,SEMA6D,AGBL4,DMD,ACLY,IGHG1
252,ABCC2,GPC2,GRAMD1B,PTGES2,BABAM2,TENM2,TUBB2B,RGS5,CYP2C9
253,HLA-DRB5,CTNND2,OLFM3,IQCJ-SCHIP1,MAP1A,DGKH,SIPA1L1,H3-3B,NDRG1
254,MSR1,CTNNA2,PDE3A,PRUNE2,NLGN1,TUBB2B,TUBB,UNC5D,UNC5D
255,LINGO1,ZFHX3,AGBL4,SYN2,TUBB,NLGN1,CD83,ZBTB20,GRAMD1B
256,PTPRM,INHBA,SPP1,KCNQ3,SYN2,POTEM,KRT19,KCNQ3,RRM2
257,CXCR4,PDE4B,ACLY,DOCK2,AGBL4,HMGCS1,ITGAM,ZFPM2,APOD
258,FCRL1,MSI2,CRISPLD2,DPYD,CD83,BRIP1,LONRF2,THY1,CD81
259,PAX5,CD2,CDK6,CD83,BRIP1,ST6GALNAC3,CTIF,EXT1,CD276
260,PAM,WWTR1,EBF1,BANK1,TENM2,RARB,PTGS2,ST6GALNAC3,ISG15
261,CD19,B4GAT1,TBC1D4,ACLY,ZBTB20,EXOC4,ANKH,TENM2,CD3D
262,CD226,TMEM178B,DGKH,AGBL4,PRKCB,MCAM,ISG15,CTBP2,PDE4B
263,CD33,ADAMTS9,CNTNAP2,COL19A1,UNC5D,BACH2,CDH8,EYS,NES
264,TMEM163,CD83,RARB,SQLE,FNDC3A,H3-3B,BRIP1,LMNA,CD79A
265,CD81,MAP1B,TSHZ2,PRKCB,CXCR4,SYN2,PTPRC,EGR1,SKAP1
266,CD69,PTGES2,NEFL,PCCA,RUNX1T1,RRM2,CPEB4,MCAM,TCF12
267,FOXP3,FGF13,H3-3B,GNA13,ST6GALNAC3,CD276,RTN1,ANKH,CD36
268,SAMD4A,CTBP2,SYN2,BRIP1,CD24,KCNMA1,TMEM178B,TSHZ2,CXCR4
269,CD83,COL15A1,VCAN,CTIF,H3-3B,UNC5D,GAP43,ACSL1,PVR
270,CALCB,EGFR,NLGN1,MYCN,PTGES2,NEFL,INHBA,UNC5C,PDE8A
271,CD36,PDE8A,SHANK2,RUNX1T1,AFF3,SOX5,AKAP12,GPC2,PACRG
272,NR4A3,CXCL12,SYT1,CPEB4,KCNQ3,PCCA,PDE8A,LINGO1,ESYT2
273,IGHG1,KCNB2,KCNQ3,DMD,PCCA,FGF14,ACSL1,GPHN,DPYD
274,CD22,ZNF804A,STMN1,MKI67,SHANK2,DMD,TACC1,SYN2,EYS
275,ZFPM2,SIPA1L1,TUBB2B,FNDC3A,EBF1,SLC8A1,B4GALNT1,RARB,DGKH
276,CD3G,CD24,KLHL29,GRAMD1B,ABTB2,CDK6,CNTNAP2,FMN1,IL2RA
277,LYVE1,ZBTB20,TENM2,CACNB2,CTIF,SHANK2,PTGES2,TUBB2A,ZFPM2
278,CCR2,BACH2,PCCA,SHANK2,FGF14,ERC1,CD3E,CPEB4,BABAM2
279,CD79A,PSD3,ABTB2,UNC5D,SLC23A2,CD24,NEGR1,SHANK2,ITGAX
280,NDRG1,ERN1,DOCK4,SEMA6D,EXOC4,KCNQ3,SLC2A3,NEFL,ITGAM
281,NCR1,SERPINE1,SOX5,ANKH,ERC1,PRUNE2,H3-3B,PDGFRB,ATP1B3
282,RFX2,PRPH,NES,B4GAT1,CSGALNACT1,PCSK1N,NR4A3,NES,CCR2
283,FCGR3A,LEF1,PRUNE2,H3-3B,FGF13,TOP2A,ZHX2,PRKCA,MSR1
284,PTGS2,PCDH17,ANKH,RORA,AUTS2,CACNB2,CTNND2,CD24,RIPOR2
285,LRMDA,ATP1B3,FN1,RRM2,SQLE,TUBB2A,GPHN,NRXN1,HIF1A
286,EGR1,LONRF2,TUBB2A,TPPP3,SORBS1,SEMA3E,ZFPM2,TBC1D4,FCHSD2
287,ABCG2,BABAM2,EXT1,STMN1,GPHN,BRINP3,TTC28,GATA3,SLC16A10
288,PICALM,DMD,GAP43,GPHN,GNA13,CNTNAP2,SYNE2,AOPEP,FNDC3A
289,CD274,MKI67,SEMA3E,BACH2,IQCJ-SCHIP1,STMN1,AKAP13,FGF14,C3
290,CD96,PCCA,TUBA1A,PCDH7,RRM2,ACLY,TENM2,FOXK2,SMC4
291,NCR3,BMPR1B,FGF14,TUBB2A,BRINP3,SQLE,CD14,MBNL2,SST
292,APOD,STMN1,PCSK1N,NLGN1,MKI67,ANKFN1,FGF13,CACNB2,BRIP1
293,FAP,MAP1A,RNF144A,ARHGEF28,AGAP1,ZBTB20,SLC23A2,TUBB2B,SPP1
294,CD163,RORA,KRT19,AFF3,NEFL,GAP43,GPC2,KLHL29,AKAP13
295,PCSK6,ITGAX,MYCN,TOP2A,B4GALNT1,SNRPN,SIK3,B3GAT1,TGFBR3
296,KIT,MAP3K5,PRPH,SORBS2,NRXN1,CACNA2D3,SMC4,SOX5,SNX29
297,KLF6,IL7R,B4GAT1,SNRPN,NALCN,PRPH,RHOH,PRUNE2,AUTS2
298,PLXDC2,SLC8A1,AOPEP,SORBS1,ANKH,MAP1A,IL3RA,PCSK1N,CD40
299,SLC2A3,CDH5,PRSS12,PSD3,TUBB2A,AOPEP,DOCK4,BRINP3,SAMD4A
300,PDE4B,ADGRL3,FOXK2,ABTB2,SOX5,B3GAT1,FNDC3A,CNTNAP2,CD8A
301,SIPA1L1,KRT19,TMEM178B,NRXN1,ACSL1,PCDH7,SAMD4A,ENO2,PTPRC
302,TBX21,KIF16B,CACNB2,MAP1B,PSD3,KRT19,C3,PCDH7,LDLRAD4
303,HLA-DRB1,TTC28,TPPP3,SEMA3D,ACLY,NALCN,SOAT1,FGF13,ARHGAP15
304,RORC,NES,B3GAT1,EBF1,TUBA1A,MYCN,CD8B,AUTS2,SERPINE1
305,LDLRAD4,CD14,KCNQ5,AGAP1,RORA,MBNL2,PIK3R1,SEMA3E,TACC1
306,ELL2,GATA3,SLC16A10,NEFL,SEMA3E,TPPP3,ATP1B3,NEGR1,RHOH
307,SOAT1,RBM47,RORA,PCSK1N,TUBB2B,FGF13,CXCR4,ABTB2,CD248
308,PDCD1,IL6R,FGF13,TUBA1A,STMN1,ZFHX3,MKI67,DMD,TMEM163
309,CD8A,TUBA1A,SEMA6D,ACSL1,NEGR1,GPHN,COL15A1,PACRG,NFATC2
310,LAMA2,C3,MAP1A,GPC6,CDK6,NEGR1,NES,MYCN,PICALM
311,NLRP3,TUBB2B,TTC28,CDK6,PCSK1N,PACRG,CD4,RTN3,LINGO1
312,CD3D,NCAM2,PSD3,FOXK2,B4GAT1,ABTB2,DGKH,B4GAT1,BNC2
313,CD247,PTPRC,GPHN,MAP1A,CNTNAP2,TTC28,ESYT2,GAP43,ZHX2
314,TACC1,ZHX2,GATA3,FGF14,TOP2A,SLC16A10,KLF6,TUBA1A,FOSL2
315,MAP3K5,CD40,PACRG,CD24,MAP1B,PRKCA,NFATC2,DCX,FOSB
316,CD8B,RTN1,RTN3,SEMA3E,SNRPN,RNF144A,MRC1,TPPP3,CD14
317,AKAP13,RNF144A,ARFGEF3,TUBB2B,TMEM178B,AUTS2,NFIA,DOCK4,THEMIS
318,SKAP1,DOCK4,UNC5D,CACNA2D1,DOCK4,CTIF,ETS2,KRT19,SOAT1
319,ISG15,GAP43,NEGR1,ZFHX3,ANKFN1,FN1,EBF1,MAML3,KLF6
320,THEMIS,CD3E,SEMA3D,SOX5,CLSTN2,TUBA1A,MAP3K5,KCNQ5,PAPSS2
321,MEIS2,SAMD4A,MAP1B,FGF13,PACRG,ARFGEF3,KLHL29,PRPH,INHBA
322,NFIA,RAB31,PHOX2B,AUTS2,B3GAT1,PSD3,EPAS1,ANKFN1,FOS
323,IL3RA,ARHGAP15,DCX,BRINP3,CPEB4,MAP1B,ZFAND3,ARFGEF3,PALM2AKAP2
324,PDE3A,CDK6,NALCN,CNTNAP2,FOXK2,MSI2,RNF144A,RUNX1T1,IL3RA
325,ZHX2,SIK3,ENO2,MAML3,SLC16A10,FOXK2,EMP1,NALCN,RORC
326,RIPOR2,ACSL1,CACNA2D3,DCX,MYCN,DCX,SAT1,SYT1,MCAM
327,ETS2,ANKH,PRKCA,SYT1,PRUNE2,CACNA2D1,FOSL2,B4GALNT1,RARB
328,CSF3R,SNX29,RUNX1T1,FAM155A,NRG1,SORBS2,EXT1,SORBS2,VCAN
329,MRC1,EXOC4,FMN1,KRT19,PRPH,KLHL29,PICALM,RBFOX1,PDGFRB
330,C3,SAT1,LONRF2,RTN3,KRT19,GPC6,ARHGAP15,RGS7,EMP1
331,TGFBR3,LRBA,PCDH7,B3GAT1,SYT1,PHOX2B,PCSK6,GPC6,ETS2
332,EGFR,C1QC,AUTS2,PRPH,SEMA3D,RUNX1T1,STAT3,CACNA2D1,THY1
333,INHBA,SRGN,ALCAM,NALCN,RNF144A,RTN3,CSF1R,CDH8,FNDC3B
334,ITGAM,DGKH,CD276,B4GALNT1,RBFOX1,RTN1,PAPSS2,MAP1B,KIF16B
335,PVR,GNA13,GPC6,GAP43,ADGRL3,SEMA6D,LAMA2,FN1,C1QC
336,RCSD1,CTIF,AGAP1,ANKFN1,DCX,TMEM178B,CXCL12,TTC28,ACTA2
337,FOS,CSF1R,GPC2,SLC16A10,GAP43,IQCJ-SCHIP1,TCF12,SEMA6D,RCSD1
338,FOSB,ERC1,CLSTN2,MSI2,ARFGEF3,RBFOX1,IL6R,MAP7,PDE3A
339,MCAM,GPHN,RTN1,PACRG,MAP7,EBF1,RCSD1,PSD3,HLA-DRA
340,CD14,CD247,CTIF,CLSTN2,ZFHX3,B4GAT1,CDH5,SEMA3D,PECAM1
341,ARHGAP10,NDRG1,CHGB,PHOX2B,CDH8,B4GALNT1,EGR1,EBF1,MPEG1
342,RHOH,FOSL2,ELAVL4,TMEM178B,MSI2,RGS7,FCHSD2,AGAP1,A2M
343,ADAMTS9,PAPSS2,SLC8A1,MMP16,RTN3,ELAVL4,KIF16B,TMEM178B,CRISPLD2
344,THY1,ACLY,ZFHX3,NEGR1,CACNA2D3,SEMA3D,DOCK2,PHOX2B,ARHGAP10
345,ITGAX,SLC23A2,PPP2R2B,NRG1,RGS7,NRG1,BACH2,IQCJ-SCHIP1,SAT1
346,SNAI2,CPEB4,CDH8,GPC2,PHOX2B,RORA,SNAI2,NRG1,CD247
347,CD2,FOS,B4GALNT1,ENO2,LONRF2,AGAP1,CD3D,CD276,SNAI2
348,EMP1,VCAN,MAML3,MAP7,ENOX1,GATA3,HIF1A,CACNA2D3,ELL2
349,CXCL12,CD4,RGS7,RGS7,FMN1,KCTD16,PDE3A,LONRF2,CD74
350,PTPRC,EBF1,CACNA2D1,RTN1,PRKCA,GPC2,SNX29,CTIF,EPAS1
351,COL15A1,MBNL2,KCNMA1,PPP2R2B,GPC2,MAP7,THY1,PPP2R2B,IL7R
352,CD248,ESYT2,IQCJ-SCHIP1,ELAVL4,NTRK3,SORBS1,PECAM1,ELAVL4,ADAMTS9
353,IL7R,PECAM1,ARHGEF28,PRKCA,L1CAM,MAML3,CD40,RTN1,LEF1
354,SERPINE1,INPP5D,PCDH17,RBFOX1,ENO2,LONRF2,MEIS2,ZFHX3,CD4
355,CDH5,H3-3B,CDH4,CACNA2D3,ELAVL4,CLSTN2,HLA-B,NXPH1,THBS1
356,CD40,ETS2,RBFOX1,MAGI2,NXPH1,MAGI2,WWTR1,MARCHF11,NFIA
357,IL6R,HIF1A,ANKFN1,CDH4,MAML3,CDH8,HLA-DRA,CLSTN2,RAB31
358,LEF1,NFATC2,IL7,GATA3,RTN1,ENO2,LMNA,ARHGEF28,INPP5D
359,RAB31,CXCR4,ZNF804A,MARCHF11,ARHGEF28,NXPH1,CD248,ZNF804A,SRGN
360,WWTR1,CRISPLD2,MAP7,NXPH1,KCTD16,CHGB,NDRG1,SORBS1,VIM
361,CD3E,FKBP10,BRINP3,CHGB,KCNMA1,PPP2R2B,CD2,MAGI2,COL1A1
362,KIF16B,HLA-DRA,CNTN1,SLC8A1,MMP16,ZNF804A,ACTA2,NCAM1,CSF1R
363,ARHGAP15,TCF12,KCTD16,FMN1,CDH4,ALCAM,C1QC,KIF21A,FKBP10
364,RBM47,FNDC3A,L1CAM,ADGRB3,PPP2R2B,CDH4,FOSB,CHGB,HLA-A
365,FOSL2,ACTA2,SORBS2,L1CAM,KCNQ5,CTNND2,VCAN,NTRK1,PDLIM1
366,CSF1R,DOCK2,ADGRL3,CDH8,SLC8A1,ENOX1,RACK1,KCTD16,MAP3K5
367,SAT1,THY1,NXPH1,IL7,NTRK1,ARHGEF28,PVR,ALCAM,COL15A1
368,SRGN,PDGFRB,KCND2,NTRK1,FAM155A,HS3ST5,RAB31,TENM1,CDH5
369,VCAN,ZFAND3,FAM155A,GRM8,GRM8,KCNQ5,COL1A1,CDH4,WWTR1
370,C1QC,TUBB,SV2C,ZNF804A,MAGI2,MARCHF11,RBM47,BMPR1B,RBM47
371,MPEG1,MPEG1,SORBS1,LONRF2,PCDH17,KIF21A,CD74,TERT,HLA-C
372,PAPSS2,TACC1,KIF21A,KCNQ5,IL7,ADGRB3,MCAM,HS3ST5,HLA-B
373,PDGFRB,EGR1,NCAM1,KIF21A,ADGRB3,PCDH17,FN1,SLC8A1,ICAM1
374,FKBP10,EXT1,MARCHF11,CNTN1,MARCHF11,GRM8,MPEG1,ADGRB3,DOCK2
375,ACTA2,FCHSD2,CTNNA2,ADGRL3,NCAM2,KCND2,HLA-A,PCDH17,ABCC2
376,INPP5D,PLSCR1,ENOX1,CTNND2,HS3ST5,FAM155A,CD81,CTNND2,LRRTM4
377,CRISPLD2,KLF6,KCNB2,ENOX1,KCND2,NTRK1,HLA-C,FAM155A,ADCYAP1
378,HLA-DRA,PDLIM1,HS3ST5,ALCAM,GATA3,NCAM1,PDE4B,CNTN1,LRMDA
379,NFATC2,STAT3,CTNND2,NCAM1,ZNF804A,MMP16,VIM,GRM8,LYVE1
380,PLSCR1,HLA-C,MMP16,HS3ST5,CTNND2,ADGRL3,FNDC3B,ENOX1,TBX21
381,HLA-C,MCAM,NTRK1,KCTD16,CHGB,CNTN1,PDLIM1,KCNMA1,KIT
382,PALM2AKAP2,PALM2AKAP2,NRG1,KCND2,KIF21A,L1CAM,FOS,ADGRL3,CD96
383,FNDC3B,RACK1,TENM1,KCNMA1,MYT1L,MYT1L,PLSCR1,MMP16,CD33
384,CD4,ICAM1,SYN3,PTPRN2,TENM1,NTRK3,PALM2AKAP2,KCND2,CD163
385,DOCK2,MMP14,BMPR1B,NTRK3,ALCAM,KCNB2,FKBP10,L1CAM,FCGR3A
386,PECAM1,PICALM,GRM8,DSCAM,CNTN1,DSCAM,PDGFRB,MYT1L,ABCG2
387,PDLIM1,COL1A1,MAGI2,SYN3,TERT,BMPR1B,ABCC2,NCAM2,CD8B
388,ICAM1,THBS1,ADGRB3,BMPR1B,DSCAM,IL7,A2M,NTRK3,FHIT
389,EPAS1,A2M,NCAM2,MYT1L,NCAM1,NCAM2,ICAM1,IL7,PCSK6
390,MMP14,FNDC3B,TERT,CTNNA2,BMPR1B,SYN3,CRISPLD2,CTNNA2,CSF3R
391,THBS1,EPAS1,LINGO2,TERT,KCNB2,LINGO2,THBS1,KCNB2,MEIS2
392,A2M,HLA-B,MYT1L,NCAM2,LINGO2,TERT,MMP14,DSCAM,FAP
393,CD74,FN1,PTPRN2,KCNB2,SYN3,TENM1,SLC35F3,SYN3,CD2
394,HLA-B,CD81,GRIK2,TENM1,CTNNA2,CTNNA2,CYP2B6,LINGO2,CXCL12
395,COL1A1,CD74,ALK,LINGO2,PTPRN2,PTPRN2,FHIT,PTPRN2,EGFR
396,HLA-A,VIM,NTRK3,ALK,ALK,ALK,CSF3R,ALK,PLSCR1
397,VIM,HLA-A,DSCAM,GRIK2,GRIK2,GRIK2,SERPINE1,GRIK2,MMP14
